ID,sp_id,Order,Family,Genus,Species,AcceptedFamily_COL,AcceptedGenus_COL,AcceptedName_COL,Species_ph_Fritz,Species_ph_Upham,Notes,tax_id,Diet.Inv,Diet.Vend,Diet.Vect,Diet.Vfish,Diet.Vunk,Diet.Scav,Diet.Fruit,Diet.Nect,Diet.Seed,Diet.PlantOther,Vend_Vect_Fish_Unk,Vend_Vect_Fish_Unk_Ins_Scav,Fruit_Nect_Seed_Plant,Locomotion,BM_g,Diet_class,Diet_cat
16,M_17,Primates,Cheirogaleidae,Allocebus,Allocebus trichotis,Cheirogaleidae,Allocebus,Allocebus trichotis,Allocebus_trichotis,Allocebus_trichotis,ET,868,0,0,0,0,0,0,50,0,0,50,0,0,100,Arboreal,77.5,Herbivore,OmnHerbFrugSeed
17,M_18,Primates,Atelidae,Alouatta,Alouatta belzebul,Atelidae,Alouatta,Alouatta belzebul,Alouatta_belzebul,Alouatta_belzebul,ET,39957,0,0,0,0,0,0,40,0,0,60,0,0,100,Arboreal,6400,Herbivore,OmnHerbFrugSeed
18,M_19,Primates,Atelidae,Alouatta,Alouatta caraya,Atelidae,Alouatta,Alouatta caraya,Alouatta_caraya,Alouatta_caraya,ET,41545,0,0,0,0,0,0,40,0,0,60,0,0,100,Arboreal,5862.461,Herbivore,OmnHerbFrugSeed
19,M_20,Primates,Atelidae,Alouatta,Alouatta guariba,Atelidae,Alouatta,Alouatta guariba,Alouatta_guariba,Alouatta_guariba,ET,39916,0,0,0,0,0,0,40,0,0,60,0,0,100,Arboreal,5188.33,Herbivore,OmnHerbFrugSeed
20,M_21,Primates,Atelidae,Alouatta,Alouatta macconnelli,Atelidae,Alouatta,Alouatta macconnelli,Alouatta_macconnelli,Alouatta_macconnelli,ET,40642,0,0,0,0,0,0,40,0,0,60,0,0,100,Arboreal,6320.058,Herbivore,OmnHerbFrugSeed
21,M_22,Primates,Atelidae,Alouatta,Alouatta palliata,Atelidae,Alouatta,Alouatta palliata,Alouatta_palliata,Alouatta_palliata,ET,39960,0,0,0,0,0,0,40,0,0,60,0,0,100,Arboreal,7274.95,Herbivore,OmnHerbFrugSeed
22,M_23,Primates,Atelidae,Alouatta,Alouatta pigra,Atelidae,Alouatta,Alouatta pigra,Alouatta_pigra,Alouatta_pigra,ET,914,0,0,0,0,0,0,40,0,0,60,0,0,100,Arboreal,7000.032,Herbivore,OmnHerbFrugSeed
23,M_24,Primates,Atelidae,Alouatta,Alouatta sara,Atelidae,Alouatta,Alouatta sara,Alouatta_sara,Alouatta_sara,ET,41546,0,0,0,0,0,0,40,0,0,60,0,0,100,Arboreal,6611.043,Herbivore,OmnHerbFrugSeed
24,M_25,Primates,Atelidae,Alouatta,Alouatta seniculus,Atelidae,Alouatta,Alouatta seniculus,Alouatta_seniculus,Alouatta_seniculus,ET,198676562,0,0,0,0,0,0,40,0,0,60,0,0,100,Arboreal,6145.539,Herbivore,OmnHerbFrugSeed
30,M_31,Primates,Aotidae,Aotus,Aotus azarae,Aotidae,Aotus,Aotus azarae,Aotus_azarae,Aotus_azarae,ET,41539,20,0,0,0,10,0,20,10,20,20,10,30,70,Arboreal,929.57,Omnivore,OmnHerbFrugSeed
31,M_32,Primates,Aotidae,Aotus,Aotus lemurinus,Aotidae,Aotus,Aotus lemurinus,Aotus_lemurinus,Aotus_lemurinus,ET,1808,20,0,0,0,10,0,20,10,20,20,10,30,70,Arboreal,872.9907,Omnivore,OmnHerbFrugSeed
32,M_33,Primates,Aotidae,Aotus,Aotus nancymaae,Aotidae,Aotus,Aotus nancymaae,Aotus_nancymaae,Aotus_nancymaae,ET,41540,20,0,0,0,10,0,20,10,20,20,10,30,70,Arboreal,788.0069,Omnivore,OmnHerbFrugSeed
33,M_34,Primates,Aotidae,Aotus,Aotus nigriceps,Aotidae,Aotus,Aotus nigriceps,Aotus_nigriceps,Aotus_nigriceps,ET,41542,20,0,0,0,10,0,20,10,20,20,10,30,70,Arboreal,1060.01,Omnivore,OmnHerbFrugSeed
34,M_35,Primates,Aotidae,Aotus,Aotus vociferans,Aotidae,Aotus,Aotus vociferans,Aotus_vociferans,Aotus_vociferans,ET,41544,20,0,0,0,10,0,20,10,20,20,10,30,70,Arboreal,872.9915,Omnivore,OmnHerbFrugSeed
39,M_40,Primates,Lorisidae,Arctocebus,Arctocebus aureus,Lorisidae,Arctocebus,Arctocebus aureus,Arctocebus_aureus,Arctocebus_aureus,ET,2053,70,0,0,0,0,0,30,0,0,0,0,70,30,Arboreal,235,Omnivore,OmnCarnIns
42,M_42,Primates,Atelidae,Ateles,Ateles belzebuth,Atelidae,Ateles,Ateles belzebuth,Ateles_belzebuth,Ateles_belzebuth,ET,2276,10,0,0,0,10,0,60,0,10,10,10,20,80,Arboreal,5000,Herbivore,OmnHerbFrugSeed
43,M_43,Primates,Atelidae,Ateles,Ateles chamek,Atelidae,Ateles,Ateles chamek,Ateles_chamek,Ateles_chamek,ET,41547,10,0,0,0,10,0,60,0,10,10,10,20,80,Arboreal,5999.983,Herbivore,OmnHerbFrugSeed
44,M_44,Primates,Atelidae,Ateles,Ateles geoffroyi,Atelidae,Ateles,Ateles geoffroyi,Ateles_geoffroyi,Ateles_geoffroyi,ET,2279,10,0,0,0,10,0,60,0,10,10,10,20,80,Arboreal,5284.939,Herbivore,OmnHerbFrugSeed
45,M_646,Primates,Atelidae,Ateles,Ateles hybridus,Atelidae,Ateles,Ateles hybridus,Ateles_hybridus,Ateles_hybridus,ET,39961,10,0,0,0,10,0,60,0,10,10,10,20,80,Arboreal,6394.848087,Herbivore,OmnHerbFrugSeed
46,M_45,Primates,Atelidae,Ateles,Ateles paniscus,Atelidae,Ateles,Ateles paniscus,Ateles_paniscus,Ateles_paniscus,ET,2283,10,0,0,0,10,0,60,0,10,10,10,20,80,Arboreal,7900.053,Herbivore,OmnHerbFrugSeed
48,M_46,Primates,Indriidae,Avahi,Avahi laniger,Indriidae,Avahi,Avahi laniger,Avahi_laniger,Avahi_laniger,ET,2434,0,0,0,0,0,0,20,0,0,80,0,0,100,Arboreal,900,Herbivore,Herbivore
49,M_594,Primates,Indriidae,Avahi,Avahi mooreorum,Indriidae,Avahi,Avahi mooreorum,NA,Avahi_mooreorum,ET,16971566,0,0,0,0,0,0,0,0,0,100,0,0,100,Arboreal,850,Omnivore,Herbivore
50,M_47,Primates,Indriidae,Avahi,Avahi occidentalis,Indriidae,Avahi,Avahi occidentalis,Avahi_occidentalis,Avahi_occidentalis,ET,2435,0,0,0,0,0,0,0,0,0,100,0,0,100,Arboreal,800,Herbivore,Herbivore
60,M_56,Primates,Atelidae,Brachyteles,Brachyteles arachnoides,Atelidae,Brachyteles,Brachyteles arachnoides,Brachyteles_arachnoides,Brachyteles_arachnoides,ET,2993,0,0,0,0,0,0,20,10,20,50,0,0,100,Arboreal,13499.88,Herbivore,OmnHerbFrugSeed
61,M_57,Primates,Atelidae,Brachyteles,Brachyteles hypoxanthus,Atelidae,Brachyteles,Brachyteles hypoxanthus,Brachyteles_hypoxanthus,Brachyteles_hypoxanthus,ET,2994,0,0,0,0,0,0,20,10,0,70,0,0,100,Arboreal,13499.88,Herbivore,OmnHerbFrugSeed
64,M_60,Primates,Hylobatidae,Bunopithecus,Bunopithecus hoolock,Hylobatidae,Hoolock,Hoolock hoolock,Bunopithecus_hoolock,Hoolock_hoolock,ET,39876,10,0,0,0,0,0,70,0,0,20,0,10,90,Arboreal,6699,Herbivore,OmnHerbFrugSeed
65,M_61,Primates,Pitheciidae,Cacajao,Cacajao calvus,Pitheciidae,Cacajao,Cacajao calvus,Cacajao_calvus,Cacajao_calvus,ET,3416,10,0,0,0,10,0,70,0,0,10,10,20,80,Arboreal,5796.022,Herbivore,OmnHerbFrugSeed
66,M_62,Primates,Pitheciidae,Cacajao,Cacajao melanocephalus,Pitheciidae,Cacajao,Cacajao melanocephalus,Cacajao_melanocephalus,Cacajao_melanocephalus,ET,3417,10,0,0,0,10,0,70,0,0,10,10,20,80,Arboreal,3100,Herbivore,OmnHerbFrugSeed
67,M_582,Primates,Pitheciidae,Callicebus,Callicebus brunneus,Pitheciidae,Plecturocebus,Plecturocebus brunneus,Callicebus_brunneus,Callicebus_brunneus,ET,41558,20,0,0,0,0,0,50,0,0,30,0,20,80,Arboreal,992.4074,Herbivore,OmnHerbFrugSeed
68,M_63,Primates,Pitheciidae,Callicebus,Callicebus cupreus,Pitheciidae,Plecturocebus,Plecturocebus cupreus,Callicebus_cupreus,Callicebus_cupreus,ET,41551,20,0,0,0,0,0,50,0,0,30,0,20,80,Arboreal,914.9977,Herbivore,OmnHerbFrugSeed
69,M_64,Primates,Pitheciidae,Callicebus,Callicebus discolor,Pitheciidae,Plecturocebus,Plecturocebus discolor,Callicebus_discolor,Callicebus_discolor,ET,41553,20,0,0,0,0,0,50,0,0,30,0,20,80,Arboreal,1005,Herbivore,OmnHerbFrugSeed
70,M_65,Primates,Pitheciidae,Callicebus,Callicebus dubius,Pitheciidae,Plecturocebus,Plecturocebus caligatus,Callicebus_dubius,Callicebus_dubius,ET,3549,20,0,0,0,0,0,50,0,0,30,0,20,80,Arboreal,992.4074,Herbivore,OmnHerbFrugSeed
71,M_66,Primates,Pitheciidae,Callicebus,Callicebus lucifer,Pitheciidae,Cheracebus,Cheracebus lucifer,Callicebus_lucifer,Callicebus_lucifer,ET,41564,20,0,0,0,0,0,50,0,0,30,0,20,80,Arboreal,1500,Herbivore,OmnHerbFrugSeed
72,M_67,Primates,Pitheciidae,Callicebus,Callicebus lugens,Pitheciidae,Cheracebus,Cheracebus lugens,Callicebus_lugens,Callicebus_lugens,ET,41563,20,0,0,0,0,0,50,0,0,30,0,20,80,Arboreal,1011.32,Herbivore,OmnHerbFrugSeed
73,M_68,Primates,Pitheciidae,Callicebus,Callicebus melanochir,Pitheciidae,Callicebus,Callicebus melanochir,Callicebus_melanochir,Callicebus_melanochir,ET,39930,20,0,0,0,0,0,50,0,0,30,0,20,80,Arboreal,1370,Herbivore,OmnHerbFrugSeed
74,M_69,Primates,Pitheciidae,Callicebus,Callicebus nigrifrons,Pitheciidae,Callicebus,Callicebus nigrifrons,Callicebus_nigrifrons,Callicebus_nigrifrons,ET,39943,20,0,0,0,0,0,50,0,0,30,0,20,80,Arboreal,1011.32,Herbivore,OmnHerbFrugSeed
75,M_70,Primates,Pitheciidae,Callicebus,Callicebus ornatus,Pitheciidae,Plecturocebus,Plecturocebus ornatus,Callicebus_ornatus,Callicebus_ornatus,ET,39928,20,0,0,0,0,0,70,0,0,10,0,20,80,Arboreal,1170.5,Herbivore,OmnHerbFrugSeed
76,M_71,Primates,Pitheciidae,Callicebus,Callicebus pallescens,Pitheciidae,Plecturocebus,Plecturocebus pallescens,Callicebus_pallescens,Callicebus_pallescens,ET,41549,20,0,0,0,0,0,50,0,0,30,0,20,80,Arboreal,800,Herbivore,OmnHerbFrugSeed
77,M_72,Primates,Pitheciidae,Callicebus,Callicebus personatus,Pitheciidae,Callicebus,Callicebus personatus,Callicebus_personatus,Callicebus_personatus,ET,3555,20,0,0,0,0,0,50,0,0,30,0,20,80,Arboreal,1349.988,Herbivore,OmnHerbFrugSeed
78,M_73,Primates,Pitheciidae,Callicebus,Callicebus purinus,Pitheciidae,Cheracebus,Cheracebus purinus,Callicebus_purinus,Callicebus_purinus,ET,41565,20,0,0,0,0,0,50,0,0,30,0,20,80,Arboreal,1011.32,Herbivore,OmnHerbFrugSeed
79,M_74,Primates,Pitheciidae,Callicebus,Callicebus regulus,Pitheciidae,Cheracebus,Cheracebus regulus,Callicebus_regulus,Callicebus_regulus,ET,41566,20,0,0,0,0,0,50,0,0,30,0,20,80,Arboreal,1011.32,Herbivore,OmnHerbFrugSeed
80,M_75,Primates,Pitheciidae,Callicebus,Callicebus torquatus,Pitheciidae,Cheracebus,Cheracebus torquatus,Callicebus_torquatus,Callicebus_torquatus,ET,41562,20,0,0,0,0,0,50,0,0,30,0,20,80,Arboreal,1050.002,Herbivore,OmnHerbFrugSeed
81,M_76,Primates,Callitrichidae,Callimico,Callimico goeldii,Callitrichidae,Callimico,Callimico goeldii,Callimico_goeldii,Callimico_goeldii,ET,3564,40,0,0,0,10,0,50,0,0,0,10,50,50,Arboreal,479.9986,Omnivore,OmnCarnIns
82,M_77,Primates,Callitrichidae,Callithrix,Callithrix argentata,Callitrichidae,Mico,Mico argentatus,Callithrix_argentata,Mico_argentatus,ET,41520,20,0,0,0,20,0,60,0,0,0,20,40,60,Arboreal,439.9973,Omnivore,OmnHerbFrugSeed
83,M_78,Primates,Callitrichidae,Callithrix,Callithrix aurita,Callitrichidae,Callithrix,Callithrix aurita,Callithrix_aurita,Callithrix_aurita,ET,3570,20,0,0,0,10,0,30,40,0,0,10,30,70,Arboreal,342.0031,Omnivore,OmnHerbFrugSeed
84,M_79,Primates,Callitrichidae,Callithrix,Callithrix flaviceps,Callitrichidae,Callithrix,Callithrix flaviceps,Callithrix_flaviceps,Callithrix_flaviceps,ET,3571,20,0,0,0,10,0,30,40,0,0,10,30,70,Arboreal,342.0031,Omnivore,OmnHerbFrugSeed
85,M_80,Primates,Callitrichidae,Callithrix,Callithrix geoffroyi,Callitrichidae,Callithrix,Callithrix geoffroyi,Callithrix_geoffroyi,Callithrix_geoffroyi,ET,3572,20,0,0,0,10,0,30,40,0,0,10,30,70,Arboreal,342.0031,Omnivore,OmnHerbFrugSeed
86,M_81,Primates,Callitrichidae,Callithrix,Callithrix intermedia,Callitrichidae,Mico,Mico intermedius,Callithrix_intermedia,Mico_intermedius,ET,39911,50,0,0,0,0,0,30,20,0,0,0,50,50,Arboreal,335.608,Omnivore,OmnCarnIns
87,M_82,Primates,Callitrichidae,Callithrix,Callithrix jacchus,Callitrichidae,Callithrix,Callithrix jacchus,Callithrix_jacchus,Callithrix_jacchus,ET,41518,20,0,0,0,10,0,30,40,0,0,10,30,70,Arboreal,291.9981,Omnivore,OmnHerbFrugSeed
88,M_83,Primates,Callitrichidae,Callithrix,Callithrix kuhlii,Callitrichidae,Callithrix,Callithrix kuhlii,Callithrix_kuhlii,Callithrix_kuhlii,ET,3575,20,0,0,0,10,0,30,40,0,0,10,30,70,Arboreal,342.0031,Omnivore,OmnHerbFrugSeed
89,M_84,Primates,Callitrichidae,Callithrix,Callithrix penicillata,Callitrichidae,Callithrix,Callithrix penicillata,Callithrix_penicillata,Callithrix_penicillata,ET,41519,20,0,0,0,10,0,30,40,0,0,10,30,70,Arboreal,342.0031,Omnivore,OmnHerbFrugSeed
90,M_85,Primates,Callitrichidae,Callithrix,Callithrix pygmaea,Callitrichidae,Cebuella,Cebuella pygmaea,Callithrix_pygmaea,Cebuella_pygmaea,ET,136926,20,0,0,0,20,0,0,60,0,0,20,40,60,Arboreal,125,Omnivore,OmnHerbFrugSeed
105,M_94,Primates,Cebidae,Cebus,Cebus albifrons,Cebidae,Cebus,Cebus albifrons,Cebus_albifrons,Cebus_albifrons,ET,39951,20,0,0,0,10,0,20,10,20,20,10,30,70,Semiarboreal,2628.996,Omnivore,OmnHerbFrugSeed
106,M_95,Primates,Cebidae,Cebus,Cebus apella,Cebidae,Sapajus,Sapajus apella,Cebus_apella,Sapajus_apella,ET,172351505,20,0,0,0,10,0,20,10,20,20,10,30,70,Semiarboreal,2500,Omnivore,OmnHerbFrugSeed
107,M_96,Primates,Cebidae,Cebus,Cebus capucinus,Cebidae,Cebus,Cebus capucinus,Cebus_capucinus,Cebus_capucinus,ET,81257277,20,0,0,0,10,0,20,10,20,20,10,30,70,Semiarboreal,2733.317,Omnivore,OmnHerbFrugSeed
108,M_97,Primates,Cebidae,Cebus,Cebus libidinosus,Cebidae,Sapajus,Sapajus libidinosus,Cebus_libidinosus,Sapajus_libidinosus,ET,136346,20,0,0,0,10,0,40,20,0,10,10,30,70,Semiarboreal,2687.214,Omnivore,OmnHerbFrugSeed
109,M_98,Primates,Cebidae,Cebus,Cebus nigritus,Cebidae,Sapajus,Sapajus nigritus,Cebus_nigritus,Sapajus_nigritus,ET,136717,20,0,0,0,10,0,40,20,0,10,10,30,70,Semiarboreal,2687.214,Omnivore,OmnHerbFrugSeed
110,M_99,Primates,Cebidae,Cebus,Cebus olivaceus,Cebidae,Cebus,Cebus olivaceus,Cebus_olivaceus,Cebus_olivaceus,ET,81384371,20,0,0,0,10,0,20,10,20,20,10,30,70,Semiarboreal,2599.98,Omnivore,OmnHerbFrugSeed
111,M_645,Primates,Cebidae,Cebus,Cebus versicolor,Cebidae,Cebus,Cebus versicolor,NA,NA,ET,39952,NA,NA,NA,NA,NA,NA,NA,NA,NA,NA,0,0,0,Semiarboreal,2814.5,Omnivore,OmnHerbFrugSeed
112,M_100,Primates,Cebidae,Cebus,Cebus xanthosternos,Cebidae,Sapajus,Sapajus xanthosternos,Cebus_xanthosternos,Sapajus_xanthosternos,ET,4074,20,0,0,0,10,0,40,20,0,10,10,30,70,Semiarboreal,2687.214,Omnivore,OmnHerbFrugSeed
121,M_108,Primates,Cercopithecidae,Cercocebus,Cercocebus agilis,Cercopithecidae,Cercocebus,Cercocebus agilis,Cercocebus_agilis,Cercocebus_agilis,ET,136615,20,0,0,0,10,0,70,0,0,0,10,30,70,Semiarboreal,8000,Omnivore,OmnHerbFrugSeed
122,M_109,Primates,Cercopithecidae,Cercocebus,Cercocebus atys,Cercopithecidae,Cercocebus,Cercocebus atys,Cercocebus_atys,Cercocebus_atys,ET,136933,10,0,0,0,0,0,40,0,50,0,0,10,90,Semiarboreal,6941.24,Herbivore,OmnHerbFrugSeed
123,M_110,Primates,Cercopithecidae,Cercocebus,Cercocebus galeritus,Cercopithecidae,Cercocebus,Cercocebus galeritus,Cercocebus_galeritus,Cercocebus_galeritus,ET,4200,20,0,0,0,10,0,70,0,0,0,10,30,70,Semiarboreal,7835.018,Omnivore,OmnHerbFrugSeed
124,M_111,Primates,Cercopithecidae,Cercocebus,Cercocebus torquatus,Cercopithecidae,Cercocebus,Cercocebus torquatus,Cercocebus_torquatus,Cercocebus_torquatus,ET,4201,20,0,0,0,10,0,70,0,0,0,10,30,70,Semiarboreal,7749.97,Omnivore,OmnHerbFrugSeed
125,M_112,Primates,Cercopithecidae,Cercopithecus,Cercopithecus albogularis,Cercopithecidae,Cercopithecus,Cercopithecus mitis,Cercopithecus_albogularis,Cercopithecus_mitis,ET,40645,20,0,0,0,10,0,50,0,10,10,10,30,70,Semiarboreal,4291.5,Omnivore,OmnHerbFrugSeed
126,M_113,Primates,Cercopithecidae,Cercopithecus,Cercopithecus ascanius,Cercopithecidae,Cercopithecus,Cercopithecus ascanius,Cercopithecus_ascanius,Cercopithecus_ascanius,ET,4212,20,0,0,0,10,0,50,0,10,10,10,30,70,Semiarboreal,3550,Omnivore,OmnHerbFrugSeed
127,M_114,Primates,Cercopithecidae,Cercopithecus,Cercopithecus campbelli,Cercopithecidae,Cercopithecus,Cercopithecus campbelli,Cercopithecus_campbelli,Cercopithecus_campbelli,ET,136930,20,0,0,0,10,0,50,0,10,10,10,30,70,Semiarboreal,4099.964,Omnivore,OmnHerbFrugSeed
128,M_115,Primates,Cercopithecidae,Cercopithecus,Cercopithecus cephus,Cercopithecidae,Cercopithecus,Cercopithecus cephus,Cercopithecus_cephus,Cercopithecus_cephus,ET,4214,20,0,0,0,10,0,50,0,10,10,10,30,70,Semiarboreal,3484.978,Omnivore,OmnHerbFrugSeed
129,M_116,Primates,Cercopithecidae,Cercopithecus,Cercopithecus denti,Cercopithecidae,Cercopithecus,Cercopithecus denti,Cercopithecus_denti,NA,ET,136885,20,0,0,0,10,0,50,0,10,10,10,30,70,Semiarboreal,4500,Omnivore,OmnHerbFrugSeed
130,M_117,Primates,Cercopithecidae,Cercopithecus,Cercopithecus diana,Cercopithecidae,Cercopithecus,Cercopithecus diana,Cercopithecus_diana,Cercopithecus_diana,ET,4245,30,0,0,0,10,0,50,0,0,10,10,40,60,Semiarboreal,4175.034,Omnivore,OmnHerbFrugSeed
131,M_118,Primates,Cercopithecidae,Cercopithecus,Cercopithecus doggetti,Cercopithecidae,Cercopithecus,Cercopithecus mitis,Cercopithecus_doggetti,Cercopithecus_mitis,ET,136861,0,0,0,0,10,0,50,0,30,10,10,10,90,Semiarboreal,4291.5,Omnivore,OmnHerbFrugSeed
132,M_119,Primates,Cercopithecidae,Cercopithecus,Cercopithecus erythrogaster,Cercopithecidae,Cercopithecus,Cercopithecus erythrogaster,Cercopithecus_erythrogaster,Cercopithecus_erythrogaster,ET,4217,20,0,0,0,10,0,50,0,10,10,10,30,70,Semiarboreal,2500,Omnivore,OmnHerbFrugSeed
133,M_120,Primates,Cercopithecidae,Cercopithecus,Cercopithecus hamlyni,Cercopithecidae,Cercopithecus,Cercopithecus hamlyni,Cercopithecus_hamlyni,Cercopithecus_hamlyni,ET,4219,20,0,0,0,10,0,50,0,10,10,10,30,70,Semiarboreal,6875,Omnivore,OmnHerbFrugSeed
134,M_121,Primates,Cercopithecidae,Cercopithecus,Cercopithecus kandti,Cercopithecidae,Cercopithecus,Cercopithecus mitis,Cercopithecus_kandti,Cercopithecus_mitis,ET,4236,10,0,0,0,0,0,60,0,0,30,0,10,90,Semiarboreal,4291.5,Herbivore,OmnHerbFrugSeed
135,M_122,Primates,Cercopithecidae,Cercopithecus,Cercopithecus lhoesti,Cercopithecidae,Allochrocebus,Allochrocebus lhoesti,Cercopithecus_lhoesti,Cercopithecus_lhoesti,ET,4220,0,0,0,0,10,0,50,0,30,10,10,10,90,Semiarboreal,5375.019,Herbivore,OmnHerbFrugSeed
136,M_123,Primates,Cercopithecidae,Cercopithecus,Cercopithecus lowei,Cercopithecidae,Cercopithecus,Cercopithecus lowei,Cercopithecus_lowei,NA,ET,136931,20,0,0,0,10,0,50,0,10,10,10,30,70,Semiarboreal,4400,Omnivore,OmnHerbFrugSeed
137,M_124,Primates,Cercopithecidae,Cercopithecus,Cercopithecus mitis,Cercopithecidae,Cercopithecus,Cercopithecus mitis,Cercopithecus_mitis,Cercopithecus_mitis,ET,4221,0,0,0,0,10,0,50,0,30,10,10,10,90,Semiarboreal,5000,Herbivore,OmnHerbFrugSeed
138,M_125,Primates,Cercopithecidae,Cercopithecus,Cercopithecus mona,Cercopithecidae,Cercopithecus,Cercopithecus mona,Cercopithecus_mona,Cercopithecus_mona,ET,4222,20,0,0,0,10,0,50,0,10,10,10,30,70,Semiarboreal,4208.333,Omnivore,OmnHerbFrugSeed
139,M_126,Primates,Cercopithecidae,Cercopithecus,Cercopithecus neglectus,Cercopithecidae,Cercopithecus,Cercopithecus neglectus,Cercopithecus_neglectus,Cercopithecus_neglectus,ET,4223,20,0,0,0,10,0,50,0,10,10,10,30,70,Semiarboreal,5479.993,Omnivore,OmnHerbFrugSeed
140,M_127,Primates,Cercopithecidae,Cercopithecus,Cercopithecus nictitans,Cercopithecidae,Cercopithecus,Cercopithecus nictitans,Cercopithecus_nictitans,Cercopithecus_nictitans,ET,4224,20,0,0,0,10,0,50,0,10,10,10,30,70,Semiarboreal,5803.345,Omnivore,OmnHerbFrugSeed
141,M_128,Primates,Cercopithecidae,Cercopithecus,Cercopithecus petaurista,Cercopithecidae,Cercopithecus,Cercopithecus petaurista,Cercopithecus_petaurista,Cercopithecus_petaurista,ET,4225,20,0,0,0,0,0,30,0,20,30,0,20,80,Semiarboreal,2774.981,Herbivore,OmnHerbFrugSeed
142,M_129,Primates,Cercopithecidae,Cercopithecus,Cercopithecus pogonias,Cercopithecidae,Cercopithecus,Cercopithecus pogonias,Cercopithecus_pogonias,Cercopithecus_pogonias,ET,92411527,20,0,0,0,10,0,50,0,10,10,10,30,70,Semiarboreal,3764.957,Omnivore,OmnHerbFrugSeed
143,M_130,Primates,Cercopithecidae,Cercopithecus,Cercopithecus solatus,Cercopithecidae,Allochrocebus,Allochrocebus solatus,Cercopithecus_solatus,Cercopithecus_solatus,ET,4230,0,0,0,0,10,0,50,0,30,10,10,10,90,Semiarboreal,6500,Herbivore,OmnHerbFrugSeed
144,M_131,Primates,Cercopithecidae,Cercopithecus,Cercopithecus wolfi,Cercopithecidae,Cercopithecus,Cercopithecus wolfi,Cercopithecus_wolfi,NA,ET,92466239,0,0,0,0,0,0,70,0,20,10,0,0,100,Semiarboreal,4000,Omnivore,Frugivore
152,M_137,Primates,Cheirogaleidae,Cheirogaleus,Cheirogaleus crossleyi,Cheirogaleidae,Cheirogaleus,Cheirogaleus crossleyi,Cheirogaleus_crossleyi,Cheirogaleus_crossleyi,ET,136235,10,0,0,0,0,0,50,0,0,40,0,10,90,Arboreal,285.3945,Herbivore,OmnHerbFrugSeed
153,M_138,Primates,Cheirogaleidae,Cheirogaleus,Cheirogaleus major,Cheirogaleidae,Cheirogaleus,Cheirogaleus major,Cheirogaleus_major,Cheirogaleus_major,ET,54778911,20,0,0,0,0,0,30,20,0,30,0,20,80,Arboreal,450,Herbivore,OmnHerbFrugSeed
154,M_139,Primates,Cheirogaleidae,Cheirogaleus,Cheirogaleus medius,Cheirogaleidae,Cheirogaleus,Cheirogaleus medius,Cheirogaleus_medius,Cheirogaleus_medius,ET,163023599,20,0,0,0,0,0,30,20,0,30,0,20,80,Arboreal,181,Herbivore,OmnHerbFrugSeed
156,M_141,Primates,Pitheciidae,Chiropotes,Chiropotes albinasus,Pitheciidae,Chiropotes,Chiropotes albinasus,Chiropotes_albinasus,Chiropotes_albinasus,ET,4685,10,0,0,0,0,0,40,0,20,30,0,10,90,Arboreal,2900.013,Herbivore,OmnHerbFrugSeed
157,M_142,Primates,Pitheciidae,Chiropotes,Chiropotes chiropotes,Pitheciidae,Chiropotes,Chiropotes chiropotes,Chiropotes_chiropotes,Chiropotes_chiropotes,ET,43891,10,0,0,0,0,0,70,0,20,0,0,10,90,Arboreal,2949.579,Herbivore,OmnHerbFrugSeed
158,M_143,Primates,Pitheciidae,Chiropotes,Chiropotes satanas,Pitheciidae,Chiropotes,Chiropotes satanas,Chiropotes_satanas,Chiropotes_satanas,ET,39956,10,0,0,0,0,0,40,0,20,30,0,10,90,Arboreal,2999.991,Herbivore,OmnHerbFrugSeed
159,M_144,Primates,Pitheciidae,Chiropotes,Chiropotes utahickae,Pitheciidae,Chiropotes,Chiropotes utahickae,Chiropotes_utahickae,Chiropotes_utahickae,ET,43892,0,0,0,0,0,0,30,0,50,20,0,0,100,Arboreal,2949.579,Herbivore,OmnHerbFrugSeed
160,M_145,Primates,Cercopithecidae,Chlorocebus,Chlorocebus aethiops,Cercopithecidae,Chlorocebus,Chlorocebus aethiops,Chlorocebus_aethiops,Chlorocebus_aethiops,ET,4233,20,0,0,0,20,0,40,0,0,20,20,40,60,Semiarboreal,4155,Omnivore,OmnHerbFrugSeed
161,M_146,Primates,Cercopithecidae,Chlorocebus,Chlorocebus pygerythrus,Cercopithecidae,Chlorocebus,Chlorocebus pygerythrus,Chlorocebus_pygerythrus,Chlorocebus_pygerythrus,ET,136271,20,0,0,0,20,0,40,0,0,20,20,40,60,Semiarboreal,4992.995,Omnivore,OmnHerbFrugSeed
162,M_147,Primates,Cercopithecidae,Chlorocebus,Chlorocebus sabaeus,Cercopithecidae,Chlorocebus,Chlorocebus sabaeus,Chlorocebus_sabaeus,Chlorocebus_sabaeus,ET,136265,20,0,0,0,20,0,40,0,0,20,20,40,60,Semiarboreal,4992.995,Omnivore,OmnHerbFrugSeed
163,M_148,Primates,Cercopithecidae,Chlorocebus,Chlorocebus tantalus,Cercopithecidae,Chlorocebus,Chlorocebus tantalus,Chlorocebus_tantalus,Chlorocebus_tantalus,ET,136208,20,0,0,0,0,0,50,0,0,30,0,20,80,Semiarboreal,4992.995,Herbivore,OmnHerbFrugSeed
165,M_149,Primates,Cercopithecidae,Colobus,Colobus angolensis,Cercopithecidae,Colobus,Colobus angolensis,Colobus_angolensis,Colobus_angolensis,ET,5142,0,0,0,0,0,0,30,0,0,70,0,0,100,Arboreal,9850,Herbivore,OmnHerbFrugSeed
166,M_150,Primates,Cercopithecidae,Colobus,Colobus guereza,Cercopithecidae,Colobus,Colobus guereza,Colobus_guereza,Colobus_guereza,ET,5143,0,0,0,0,0,0,30,0,0,70,0,0,100,Arboreal,10600,Herbivore,OmnHerbFrugSeed
167,M_151,Primates,Cercopithecidae,Colobus,Colobus polykomos,Cercopithecidae,Colobus,Colobus polykomos,Colobus_polykomos,Colobus_polykomos,ET,5144,0,0,0,0,0,0,30,0,0,70,0,0,100,Arboreal,9917.451,Herbivore,OmnHerbFrugSeed
168,M_152,Primates,Cercopithecidae,Colobus,Colobus satanas,Cercopithecidae,Colobus,Colobus satanas,Colobus_satanas,Colobus_satanas,ET,5145,0,0,0,0,0,0,30,0,0,70,0,0,100,Arboreal,4319.963,Herbivore,OmnHerbFrugSeed
169,M_153,Primates,Cercopithecidae,Colobus,Colobus vellerosus,Cercopithecidae,Colobus,Colobus vellerosus,Colobus_vellerosus,Colobus_vellerosus,ET,5146,0,0,0,0,0,0,30,0,0,70,0,0,100,Arboreal,7700.18,Herbivore,OmnHerbFrugSeed
191,M_654,Primates,Daubentoniidae,Daubentonia,Daubentonia madagascariensis,Daubentoniidae,Daubentonia,Daubentonia madagascariensis,Daubentonia_madagascariensis,Daubentonia_madagascariensis,ET,6302,40,0,0,0,0,0,0,20,40,0,0,40,60,Arboreal,2500,Omnivore,OmnHerbFrugSeed
213,M_190,Primates,Cercopithecidae,Erythrocebus,Erythrocebus patas,Cercopithecidae,Erythrocebus,Erythrocebus patas,Erythrocebus_patas,Erythrocebus_patas,ET,174391079,0,0,0,0,0,0,40,0,20,40,0,0,100,Semiarboreal,8090,Herbivore,OmnHerbFrugSeed
216,M_193,Primates,Lemuridae,Eulemur,Eulemur albifrons,Lemuridae,Eulemur,Eulemur albifrons,Eulemur_albifrons,Eulemur_albifrons,ET,8204,20,0,0,0,0,0,40,0,0,40,0,20,80,Arboreal,2300,Herbivore,OmnHerbFrugSeed
217,M_194,Primates,Lemuridae,Eulemur,Eulemur albocollaris,Lemuridae,Eulemur,Eulemur cinereiceps,Eulemur_albocollaris,Eulemur_cinereiceps,ET,8205,0,0,0,0,0,0,80,0,0,20,0,0,100,Arboreal,2397.37,Herbivore,Frugivore
218,M_195,Primates,Lemuridae,Eulemur,Eulemur collaris,Lemuridae,Eulemur,Eulemur collaris,Eulemur_collaris,Eulemur_collaris,ET,8206,0,0,0,0,0,0,100,0,0,0,0,0,100,Arboreal,2375,Herbivore,Frugivore
219,M_196,Primates,Lemuridae,Eulemur,Eulemur coronatus,Lemuridae,Eulemur,Eulemur coronatus,Eulemur_coronatus,Eulemur_coronatus,ET,8199,0,0,0,0,0,0,30,0,0,70,0,0,100,Arboreal,1650,Herbivore,OmnHerbFrugSeed
220,M_197,Primates,Lemuridae,Eulemur,Eulemur fulvus,Lemuridae,Eulemur,Eulemur fulvus,Eulemur_fulvus,Eulemur_fulvus,ET,8207,0,0,0,0,0,0,30,0,0,70,0,0,100,Arboreal,3150,Herbivore,OmnHerbFrugSeed
221,M_198,Primates,Lemuridae,Eulemur,Eulemur macaco,Lemuridae,Eulemur,Eulemur macaco,Eulemur_macaco,Eulemur_macaco,ET,8212,0,0,0,0,0,0,30,0,0,70,0,0,100,Arboreal,2040,Herbivore,OmnHerbFrugSeed
222,M_199,Primates,Lemuridae,Eulemur,Eulemur mongoz,Lemuridae,Eulemur,Eulemur mongoz,Eulemur_mongoz,Eulemur_mongoz,ET,8202,0,0,0,0,0,0,20,50,0,30,0,0,100,Arboreal,1600,Herbivore,OmnHerbFrugSeed
223,M_200,Primates,Lemuridae,Eulemur,Eulemur rubriventer,Lemuridae,Eulemur,Eulemur rubriventer,Eulemur_rubriventer,Eulemur_rubriventer,ET,8203,0,0,0,0,0,0,30,0,0,70,0,0,100,Arboreal,1400,Herbivore,OmnHerbFrugSeed
224,M_201,Primates,Lemuridae,Eulemur,Eulemur rufus,Lemuridae,Eulemur,Eulemur rufus,Eulemur_rufus,Eulemur_rufus,ET,8209,0,0,0,0,0,0,30,0,0,70,0,0,100,Arboreal,2394.62,Herbivore,OmnHerbFrugSeed
225,M_202,Primates,Lemuridae,Eulemur,Eulemur sanfordi,Lemuridae,Eulemur,Eulemur sanfordi,Eulemur_sanfordi,Eulemur_sanfordi,ET,8210,0,0,0,0,0,0,80,0,0,20,0,0,100,Arboreal,2394.03,Herbivore,Frugivore
226,M_203,Primates,Galagidae,Euoticus,Euoticus elegantulus,Galagidae,Euoticus,Euoticus elegantulus,Euoticus_elegantulus,Euoticus_elegantulus,ET,8265,20,0,0,0,0,0,20,60,0,0,0,20,80,Arboreal,300,Herbivore,OmnHerbFrugSeed
230,M_205,Primates,Galagidae,Galago,Galago alleni,Galagidae,Sciurocheirus,Sciurocheirus alleni,Galago_alleni,Sciurocheirus_alleni,ET,8785,40,0,0,0,0,0,0,60,0,0,0,40,60,Arboreal,260,Omnivore,OmnHerbFrugSeed
231,M_206,Primates,Galagidae,Galago,Galago demidoff,Galagidae,Galagoides,Galagoides demidoff,Galago_demidoff,Galagoides_demidovii,ET,40649,80,0,0,0,0,0,10,10,0,0,0,80,20,Arboreal,66.04,Carnivore,Insectivore
232,M_632,Primates,Galagidae,Galago,Galago moholi,Galagidae,Galago,Galago moholi,Galago_moholi,Galago_moholi,ET,8788,40,0,0,0,0,0,0,60,0,0,0,40,60,Arboreal,160,Omnivore,OmnHerbFrugSeed
233,M_207,Primates,Galagidae,Galago,Galago senegalensis,Galagidae,Galago,Galago senegalensis,Galago_senegalensis,Galago_senegalensis,ET,8789,40,0,0,0,0,0,0,60,0,0,0,40,60,Arboreal,227.6665,Omnivore,OmnHerbFrugSeed
234,M_208,Primates,Galagidae,Galago,Galago thomasi,Galagidae,Galagoides,Galagoides thomasi,Galago_thomasi,Galagoides_thomasi,ET,40653,80,0,0,0,0,0,20,0,0,0,0,80,20,Arboreal,117.35,Carnivore,Insectivore
235,M_209,Primates,Galagidae,Galago,Galago zanzibaricus,Galagidae,Paragalago,Paragalago zanzibaricus,Galago_zanzibaricus,Galagoides_zanzibaricus,ET,8790,80,0,0,0,0,0,10,10,0,0,0,80,20,Arboreal,147.35,Carnivore,Insectivore
251,M_221,Primates,Hominidae,Gorilla,Gorilla beringei,Hominidae,Gorilla,Gorilla beringei,Gorilla_beringei,Gorilla_beringei,ET,39994,0,0,0,0,0,0,10,0,0,90,0,0,100,Terrestrial,149325.2,Herbivore,Herbivore
252,M_222,Primates,Hominidae,Gorilla,Gorilla gorilla,Hominidae,Gorilla,Gorilla gorilla,Gorilla_gorilla,Gorilla_gorilla,ET,9404,0,0,0,0,0,0,10,0,0,90,0,0,100,Terrestrial,131625.5,Herbivore,Herbivore
256,M_225,Primates,Lemuridae,Hapalemur,Hapalemur alaotrensis,Lemuridae,Hapalemur,Hapalemur alaotrensis,Hapalemur_alaotrensis,Hapalemur_alaotrensis,ET,9676,0,0,0,0,0,0,0,0,0,100,0,0,100,Arboreal,1616.83,Herbivore,Herbivore
257,M_226,Primates,Lemuridae,Hapalemur,Hapalemur griseus,Lemuridae,Hapalemur,Hapalemur griseus,Hapalemur_griseus,Hapalemur_griseus,ET,9673,0,0,0,0,0,0,0,0,0,100,0,0,100,Arboreal,1400,Herbivore,Herbivore
271,M_239,Primates,Hylobatidae,Hylobates,Hylobates agilis,Hylobatidae,Hylobates,Hylobates agilis,Hylobates_agilis,Hylobates_agilis,ET,10543,10,0,0,0,0,0,70,0,0,20,0,10,90,Arboreal,5650,Herbivore,OmnHerbFrugSeed
272,M_240,Primates,Hylobatidae,Hylobates,Hylobates albibarbis,Hylobatidae,Hylobates,Hylobates albibarbis,Hylobates_albibarbis,Hylobates_albibarbis,ET,39879,0,0,0,0,0,0,70,0,0,30,0,0,100,Arboreal,5692.081,Herbivore,Frugivore
273,M_241,Primates,Hylobatidae,Hylobates,Hylobates klossii,Hylobatidae,Hylobates,Hylobates klossii,Hylobates_klossii,Hylobates_klossii,ET,10547,10,0,0,0,0,0,70,0,0,20,0,10,90,Arboreal,5800,Herbivore,OmnHerbFrugSeed
274,M_242,Primates,Hylobatidae,Hylobates,Hylobates lar,Hylobatidae,Hylobates,Hylobates lar,Hylobates_lar,Hylobates_lar,ET,10548,10,0,0,0,0,0,70,0,0,20,0,10,90,Arboreal,4892,Herbivore,OmnHerbFrugSeed
275,M_243,Primates,Hylobatidae,Hylobates,Hylobates moloch,Hylobatidae,Hylobates,Hylobates moloch,Hylobates_moloch,Hylobates_moloch,ET,10550,10,0,0,0,0,0,70,0,0,20,0,10,90,Arboreal,6500,Herbivore,OmnHerbFrugSeed
276,M_244,Primates,Hylobatidae,Hylobates,Hylobates muelleri,Hylobatidae,Hylobates,Hylobates muelleri,Hylobates_muelleri,Hylobates_muelleri,ET,39888,10,0,0,0,0,0,70,0,0,20,0,10,90,Arboreal,6000,Herbivore,OmnHerbFrugSeed
277,M_627,Primates,Hylobatidae,Hylobates,Hylobates mulleri x agilis,NA,NA,NA,NA,NA,ET,NA,10,0,0,0,0,0,70,0,0,20,0,10,90,Arboreal,5825,Herbivore,OmnHerbFrugSeed
278,M_245,Primates,Hylobatidae,Hylobates,Hylobates pileatus,Hylobatidae,Hylobates,Hylobates pileatus,Hylobates_pileatus,Hylobates_pileatus,ET,10552,10,0,0,0,0,0,70,0,0,20,0,10,90,Arboreal,5440,Herbivore,OmnHerbFrugSeed
284,M_249,Primates,Indriidae,Indri,Indri indri,Indriidae,Indri,Indri indri,Indri_indri,Indri_indri,ET,10826,0,0,0,0,0,0,30,0,0,70,0,0,100,Arboreal,8000,Herbivore,OmnHerbFrugSeed
292,M_257,Primates,Atelidae,Lagothrix,Lagothrix cana,Atelidae,Lagothrix,Lagothrix lagothricha,Lagothrix_cana,Lagothrix_cana,ET,160881218,0,0,0,0,0,0,70,10,0,20,0,0,100,Arboreal,6400,Herbivore,Frugivore
293,M_258,Primates,Atelidae,Lagothrix,Lagothrix lagotricha,Atelidae,Lagothrix,Lagothrix lagothricha,Lagothrix_lagotricha,Lagothrix_lagotricha,ET,160881218,10,0,0,0,0,0,70,0,10,10,0,10,90,Arboreal,6299.992,Herbivore,OmnHerbFrugSeed
294,M_259,Primates,Atelidae,Lagothrix,Lagothrix lugens,Atelidae,Lagothrix,Lagothrix lagothricha,Lagothrix_lugens,Lagothrix_lugens,ET,160881218,0,0,0,0,0,0,70,10,0,20,0,0,100,Arboreal,6000,Herbivore,Frugivore
295,M_260,Primates,Atelidae,Lagothrix,Lagothrix poeppigii,Atelidae,Lagothrix,Lagothrix lagothricha,Lagothrix_poeppigii,Lagothrix_poeppigii,ET,39927,0,0,0,0,0,0,70,10,0,20,0,0,100,Arboreal,6231,Herbivore,Frugivore
297,M_261,Primates,Lemuridae,Lemur,Lemur catta,Lemuridae,Lemur,Lemur catta,Lemur_catta,Lemur_catta,ET,11496,0,0,0,0,0,0,80,0,0,20,0,0,100,Semiarboreal,2900,Herbivore,Frugivore
298,M_262,Primates,Callitrichidae,Leontopithecus,Leontopithecus caissara,Callitrichidae,Leontopithecus,Leontopithecus caissara,Leontopithecus_caissara,Leontopithecus_caissara,ET,11503,50,0,0,0,0,0,50,0,0,0,0,50,50,Arboreal,572,Omnivore,OmnCarnIns
299,M_263,Primates,Callitrichidae,Leontopithecus,Leontopithecus chrysomelas,Callitrichidae,Leontopithecus,Leontopithecus chrysomelas,Leontopithecus_chrysomelas,Leontopithecus_chrysomelas,ET,40643,50,0,0,0,0,0,50,0,0,0,0,50,50,Arboreal,572.8,Omnivore,OmnCarnIns
300,M_264,Primates,Callitrichidae,Leontopithecus,Leontopithecus chrysopygus,Callitrichidae,Leontopithecus,Leontopithecus chrysopygus,Leontopithecus_chrysopygus,Leontopithecus_chrysopygus,ET,11505,50,0,0,0,0,0,50,0,0,0,0,50,50,Arboreal,700.0032,Omnivore,OmnCarnIns
301,M_265,Primates,Callitrichidae,Leontopithecus,Leontopithecus rosalia,Callitrichidae,Leontopithecus,Leontopithecus rosalia,Leontopithecus_rosalia,Leontopithecus_rosalia,ET,11506,50,0,0,0,0,0,50,0,0,0,0,50,50,Arboreal,535.5006,Omnivore,OmnCarnIns
303,M_267,Primates,Lepilemuridae,Lepilemur,Lepilemur ankaranensis,Lepilemuridae,Lepilemur,Lepilemur ankaranensis,Lepilemur_ankaranensis,Lepilemur_ankaranensis,ET,136731,0,0,0,0,0,0,0,0,0,100,0,0,100,Arboreal,700.8931,Herbivore,Herbivore
304,M_268,Primates,Lepilemuridae,Lepilemur,Lepilemur edwardsi,Lepilemuridae,Lepilemur,Lepilemur edwardsi,Lepilemur_edwardsi,Lepilemur_edwardsi,ET,11617,0,0,0,0,0,0,0,0,0,100,0,0,100,Arboreal,700,Herbivore,Herbivore
305,M_615,Primates,Lepilemuridae,Lepilemur,Lepilemur grewcockorum,Lepilemuridae,Lepilemur,Lepilemur grewcockorum,NA,Lepilemur_grewcockorum,ET,136771,0,0,0,0,0,0,0,0,0,100,0,0,100,Arboreal,700.4,Herbivore,Herbivore
306,M_269,Primates,Lepilemuridae,Lepilemur,Lepilemur microdon,Lepilemuridae,Lepilemur,Lepilemur microdon,Lepilemur_microdon,Lepilemur_microdon,ET,11619,0,0,0,0,0,0,0,0,0,100,0,0,100,Arboreal,900,Herbivore,Herbivore
307,M_270,Primates,Lepilemuridae,Lepilemur,Lepilemur mustelinus,Lepilemuridae,Lepilemur,Lepilemur mustelinus,Lepilemur_mustelinus,Lepilemur_mustelinus,ET,11620,0,0,0,0,0,0,0,0,0,100,0,0,100,Arboreal,773,Herbivore,Herbivore
308,M_271,Primates,Lepilemuridae,Lepilemur,Lepilemur ruficaudatus,Lepilemuridae,Lepilemur,Lepilemur ruficaudatus,Lepilemur_ruficaudatus,Lepilemur_ruficaudatus,ET,11621,0,0,0,0,0,0,0,0,0,100,0,0,100,Arboreal,700,Herbivore,Herbivore
325,M_278,Primates,Cercopithecidae,Lophocebus,Lophocebus albigena,Cercopithecidae,Lophocebus,Lophocebus albigena,Lophocebus_albigena,Lophocebus_albigena,ET,12309,0,0,0,0,0,0,50,0,0,50,0,0,100,Semiarboreal,7690.065,Herbivore,OmnHerbFrugSeed
326,M_279,Primates,Cercopithecidae,Lophocebus,Lophocebus aterrimus,Cercopithecidae,Lophocebus,Lophocebus aterrimus,Lophocebus_aterrimus,Lophocebus_aterrimus,ET,12310,0,0,0,0,0,0,40,20,40,0,0,0,100,Semiarboreal,6510.37,Herbivore,OmnHerbFrugSeed
331,M_282,Primates,Cercopithecidae,Macaca,Macaca assamensis,Cercopithecidae,Macaca,Macaca assamensis,Macaca_assamensis,Macaca_assamensis,ET,12549,10,0,0,0,0,0,30,0,20,40,0,10,90,Semiarboreal,12000,Herbivore,OmnHerbFrugSeed
332,M_283,Primates,Cercopithecidae,Macaca,Macaca fascicularis,Cercopithecidae,Macaca,Macaca fascicularis,Macaca_fascicularis,Macaca_fascicularis,ET,12551,50,0,0,0,0,0,40,0,0,10,0,50,50,Semiarboreal,3991.5,Omnivore,OmnCarnIns
333,M_284,Primates,Cercopithecidae,Macaca,Macaca fuscata,Cercopithecidae,Macaca,Macaca fuscata,Macaca_fuscata,Macaca_fuscata,ET,12552,10,0,0,0,0,0,30,0,20,40,0,10,90,Semiarboreal,10400,Herbivore,OmnHerbFrugSeed
334,M_285,Primates,Cercopithecidae,Macaca,Macaca hecki,Cercopithecidae,Macaca,Macaca hecki,Macaca_hecki,Macaca_hecki,ET,12570,10,0,0,0,0,0,60,0,10,20,0,10,90,Semiarboreal,5786.958,Herbivore,OmnHerbFrugSeed
335,M_286,Primates,Cercopithecidae,Macaca,Macaca leonina,Cercopithecidae,Macaca,Macaca leonina,Macaca_leonina,Macaca_leonina,ET,39792,10,0,0,0,0,0,80,0,0,10,0,10,90,Semiarboreal,5786.958,Herbivore,OmnHerbFrugSeed
336,M_287,Primates,Cercopithecidae,Macaca,Macaca mulatta,Cercopithecidae,Macaca,Macaca mulatta,Macaca_mulatta,Macaca_mulatta,ET,12554,10,0,0,0,0,0,30,0,20,40,0,10,90,Semiarboreal,3713,Herbivore,OmnHerbFrugSeed
337,M_288,Primates,Cercopithecidae,Macaca,Macaca nemestrina,Cercopithecidae,Macaca,Macaca nemestrina,Macaca_nemestrina,Macaca_nemestrina,ET,12555,10,0,0,0,0,0,70,0,10,10,0,10,90,Semiarboreal,6296.5,Herbivore,OmnHerbFrugSeed
338,M_289,Primates,Cercopithecidae,Macaca,Macaca nigra,Cercopithecidae,Macaca,Macaca nigra,Macaca_nigra,Macaca_nigra,ET,12556,10,0,0,0,0,0,70,0,10,10,0,10,90,Semiarboreal,6400,Herbivore,OmnHerbFrugSeed
339,M_290,Primates,Cercopithecidae,Macaca,Macaca nigrescens,Cercopithecidae,Macaca,Macaca nigrescens,Macaca_nigrescens,Macaca_nigrescens,ET,12568,10,0,0,0,0,0,80,0,0,10,0,10,90,Semiarboreal,5786.958,Herbivore,OmnHerbFrugSeed
340,M_291,Primates,Cercopithecidae,Macaca,Macaca radiata,Cercopithecidae,Macaca,Macaca radiata,Macaca_radiata,Macaca_radiata,ET,12558,10,0,0,0,0,0,30,0,20,40,0,10,90,Semiarboreal,3690,Herbivore,OmnHerbFrugSeed
341,M_292,Primates,Cercopithecidae,Macaca,Macaca silenus,Cercopithecidae,Macaca,Macaca silenus,Macaca_silenus,Macaca_silenus,ET,12559,10,0,0,0,0,0,30,0,20,40,0,10,90,Semiarboreal,4750,Herbivore,OmnHerbFrugSeed
342,M_293,Primates,Cercopithecidae,Macaca,Macaca sinica,Cercopithecidae,Macaca,Macaca sinica,Macaca_sinica,Macaca_sinica,ET,12560,10,0,0,0,0,0,30,0,20,40,0,10,90,Semiarboreal,3590,Herbivore,OmnHerbFrugSeed
343,M_294,Primates,Cercopithecidae,Macaca,Macaca sylvanus,Cercopithecidae,Macaca,Macaca sylvanus,Macaca_sylvanus,Macaca_sylvanus,ET,12561,10,0,0,0,0,0,30,0,20,40,0,10,90,Semiarboreal,7000.032,Herbivore,OmnHerbFrugSeed
350,M_299,Primates,Cercopithecidae,Mandrillus,Mandrillus sphinx,Cercopithecidae,Mandrillus,Mandrillus sphinx,Mandrillus_sphinx,Mandrillus_sphinx,ET,12754,10,0,0,0,10,0,40,0,30,10,10,20,80,Terrestrial,18249.88,Herbivore,OmnHerbFrugSeed
366,M_617,Primates,Cheirogaleidae,Microcebus,Microcebus berthae,Cheirogaleidae,Microcebus,Microcebus berthae,NA,Microcebus_berthae,ET,41573,20,0,20,0,0,0,30,10,0,20,20,40,60,Arboreal,33.45,Omnivore,OmnHerbFrugSeed
367,M_614,Primates,Cheirogaleidae,Microcebus,Microcebus danfossi,Cheirogaleidae,Microcebus,Microcebus danfossi,NA,Microcebus_danfossi,ET,136347,20,0,20,0,0,0,30,10,0,20,20,40,60,Arboreal,52,Omnivore,OmnHerbFrugSeed
368,M_616,Primates,Cheirogaleidae,Microcebus,Microcebus griseorufus,Cheirogaleidae,Microcebus,Microcebus griseorufus,Microcebus_griseorufus,Microcebus_griseorufus,ET,136637,20,0,20,0,0,0,30,10,0,20,20,40,60,Arboreal,70.24,Omnivore,OmnHerbFrugSeed
369,M_310,Primates,Cheirogaleidae,Microcebus,Microcebus murinus,Cheirogaleidae,Microcebus,Microcebus murinus,Microcebus_murinus,Microcebus_murinus,ET,163314248,20,0,20,0,0,0,30,10,0,20,20,40,60,Arboreal,69,Omnivore,OmnHerbFrugSeed
370,M_311,Primates,Cheirogaleidae,Microcebus,Microcebus myoxinus,Cheirogaleidae,Microcebus,Microcebus myoxinus,Microcebus_myoxinus,Microcebus_myoxinus,ET,13325,20,0,20,0,0,0,30,10,0,20,20,40,60,Arboreal,30,Omnivore,OmnHerbFrugSeed
371,M_312,Primates,Cheirogaleidae,Microcebus,Microcebus rufus,Cheirogaleidae,Microcebus,Microcebus rufus,Microcebus_rufus,Microcebus_rufus,ET,13324,20,0,20,0,0,0,30,10,0,20,20,40,60,Arboreal,42.5,Omnivore,OmnHerbFrugSeed
374,M_314,Primates,Cercopithecidae,Miopithecus,Miopithecus talapoin,Cercopithecidae,Miopithecus,Miopithecus talapoin,Miopithecus_talapoin,Miopithecus_talapoin,ET,13572,50,0,0,0,0,0,50,0,0,0,0,50,50,Arboreal,1250,Omnivore,OmnCarnIns
375,M_315,Primates,Cheirogaleidae,Mirza,Mirza coquereli,Cheirogaleidae,Mirza,Mirza coquereli,Mirza_coquereli,Mirza_coquereli,ET,13584,60,0,0,0,10,0,10,0,10,10,10,70,30,Arboreal,308,Omnivore,OmnCarnIns
395,M_332,Primates,Cercopithecidae,Nasalis,Nasalis larvatus,Cercopithecidae,Nasalis,Nasalis larvatus,Nasalis_larvatus,Nasalis_larvatus,ET,14352,0,0,0,0,0,0,20,0,0,80,0,0,100,Arboreal,9000,Herbivore,Herbivore
411,M_345,Primates,Hylobatidae,Nomascus,Nomascus concolor,Hylobatidae,Nomascus,Nomascus concolor,Nomascus_concolor,Nomascus_concolor,ET,39775,10,0,0,0,0,0,80,0,0,10,0,10,90,Arboreal,6410.47,Herbivore,OmnHerbFrugSeed
412,M_346,Primates,Hylobatidae,Nomascus,Nomascus hainanus,Hylobatidae,Nomascus,Nomascus hainanus,Nomascus_hainanus,Nomascus_hainanus,ET,41643,10,0,0,0,0,0,80,0,0,10,0,10,90,Arboreal,6850.156,Herbivore,OmnHerbFrugSeed
415,M_347,Primates,Lorisidae,Nycticebus,Nycticebus coucang,Lorisidae,Nycticebus,Nycticebus coucang,Nycticebus_coucang,Nycticebus_coucang,ET,163017685,40,30,10,0,0,0,20,0,0,0,40,80,20,Arboreal,803.5,Carnivore,OmnCarnIns
438,M_368,Primates,Galagidae,Otolemur,Otolemur garnettii,Galagidae,Otolemur,Otolemur garnettii,Otolemur_garnettii,Otolemur_garnettii,ET,15644,20,0,0,0,0,0,20,60,0,0,0,20,80,Arboreal,760,Herbivore,OmnHerbFrugSeed
446,M_374,Primates,Hominidae,Pan,Pan paniscus,Hominidae,Pan,Pan paniscus,Pan_paniscus,Pan_paniscus,ET,15932,10,0,0,0,0,0,60,0,10,20,0,10,90,Semiarboreal,34000.08,Herbivore,OmnHerbFrugSeed
447,M_375,Primates,Hominidae,Pan,Pan troglodytes,Hominidae,Pan,Pan troglodytes,Pan_troglodytes,Pan_troglodytes,ET,15933,10,0,0,0,0,0,60,0,0,30,0,10,90,Semiarboreal,42500,Herbivore,OmnHerbFrugSeed
453,M_380,Primates,Cercopithecidae,Papio,Papio anubis,Cercopithecidae,Papio,Papio anubis,Papio_anubis,Papio_anubis,ET,40647,10,40,0,0,0,0,20,0,0,30,40,50,50,Terrestrial,17728.56,Omnivore,OmnCarnIns
454,M_381,Primates,Cercopithecidae,Papio,Papio cynocephalus,Cercopithecidae,Papio,Papio cynocephalus,Papio_cynocephalus,Papio_cynocephalus,ET,92250442,10,0,0,0,10,0,20,0,0,60,10,20,80,Terrestrial,15822.15,Herbivore,OmnHerbFrugSeed
455,M_382,Primates,Cercopithecidae,Papio,Papio hamadryas,Cercopithecidae,Papio,Papio hamadryas,Papio_hamadryas,Papio_hamadryas,ET,16019,10,0,0,0,10,0,0,0,0,80,10,20,80,Terrestrial,21250.05,Herbivore,OmnHerbFrugSeed
456,M_383,Primates,Cercopithecidae,Papio,Papio papio,Cercopithecidae,Papio,Papio papio,Papio_papio,Papio_papio,ET,16018,10,0,0,0,20,0,20,0,10,40,20,30,70,Terrestrial,18026.05,Omnivore,OmnHerbFrugSeed
457,M_384,Primates,Cercopithecidae,Papio,Papio ursinus,Cercopithecidae,Papio,Papio ursinus,Papio_ursinus,Papio_ursinus,ET,16022,20,0,0,0,10,0,40,0,20,10,10,30,70,Terrestrial,17729.44,Omnivore,OmnHerbFrugSeed
466,M_391,Primates,Lorisidae,Perodicticus,Perodicticus potto,Lorisidae,Perodicticus,Perodicticus potto,Perodicticus_potto,Perodicticus_potto,ET,91995408,10,0,0,0,0,0,80,10,0,0,0,10,90,Arboreal,1099.993,Herbivore,OmnHerbFrugSeed
487,M_411,Primates,Cheirogaleidae,Phaner,Phaner pallescens,Cheirogaleidae,Phaner,Phaner pallescens,Phaner_pallescens,Phaner_pallescens,ET,16874,0,0,0,0,0,0,0,100,0,0,0,0,100,Arboreal,425,Herbivore,Nectarivore
493,M_417,Primates,Cercopithecidae,Pliocolobus,Piliocolobus badius,Cercopithecidae,Piliocolobus,Piliocolobus badius,Piliocolobus_badius,Procolobus_badius,ET,18240,0,0,0,0,0,0,20,0,0,80,0,0,100,Arboreal,8430.4,Herbivore,Herbivore
494,M_418,Primates,Cercopithecidae,Pliocolobus,Piliocolobus foai,Cercopithecidae,Piliocolobus,Piliocolobus foai,Piliocolobus_foai,NA,ET,NA,0,0,0,0,0,0,20,0,0,80,0,0,100,Arboreal,8591.695,Omnivore,Herbivore
495,M_419,Primates,Cercopithecidae,Pliocolobus,Piliocolobus gordonorum,Cercopithecidae,Piliocolobus,Piliocolobus gordonorum,Piliocolobus_gordonorum,Procolobus_gordonorum,ET,40015,0,0,0,0,0,0,20,0,0,80,0,0,100,Arboreal,8591.695,Herbivore,Herbivore
496,M_420,Primates,Cercopithecidae,Pliocolobus,Piliocolobus kirkii,Cercopithecidae,Piliocolobus,Piliocolobus kirkii,Piliocolobus_kirkii,Procolobus_kirkii,ET,39992,0,0,0,0,0,0,20,0,0,80,0,0,100,Arboreal,7158.29,Herbivore,Herbivore
497,M_421,Primates,Cercopithecidae,Pliocolobus,Piliocolobus preussi,Cercopithecidae,Piliocolobus,Piliocolobus preussi,Piliocolobus_preussi,Procolobus_preussi,ET,41026,0,0,0,0,0,0,20,0,0,80,0,0,100,Arboreal,8865.71,Herbivore,Herbivore
498,M_422,Primates,Cercopithecidae,Pliocolobus,Piliocolobus rufomitratus,Cercopithecidae,Piliocolobus,Piliocolobus rufomitratus,Piliocolobus_rufomitratus,Procolobus_rufomitratus,ET,39993,0,0,0,0,0,0,20,0,10,70,0,0,100,Arboreal,8030.75,Herbivore,OmnHerbFrugSeed
499,M_423,Primates,Cercopithecidae,Pliocolobus,Piliocolobus tephrosceles,Cercopithecidae,Piliocolobus,Piliocolobus tephrosceles,Piliocolobus_tephrosceles,NA,ET,NA,0,0,0,0,0,0,20,0,0,80,0,0,100,Arboreal,8591.695,Omnivore,Herbivore
500,M_661,Primates,Pitheciidae,Pithecia,Pithecia aequatorialis,Pitheciidae,Pithecia,Pithecia aequatorialis,Pithecia_aequatorialis,Pithecia_aequatorialis,ET,17402,0,30,0,0,0,0,30,10,0,30,30,30,70,Arboreal,2249.986954,Omnivore,OmnHerbFrugSeed
501,M_424,Primates,Pitheciidae,Pithecia,Pithecia albicans,Pitheciidae,Pithecia,Pithecia albicans,Pithecia_albicans,Pithecia_albicans,ET,41567,0,30,0,0,0,0,30,10,0,30,30,30,70,Arboreal,2800.013,Omnivore,OmnHerbFrugSeed
502,M_425,Primates,Pitheciidae,Pithecia,Pithecia irrorata,Pitheciidae,Pithecia,Pithecia irrorata,Pithecia_irrorata,Pithecia_irrorata,ET,41568,0,30,0,0,0,0,30,10,0,30,30,30,70,Arboreal,2240.99,Omnivore,OmnHerbFrugSeed
503,M_426,Primates,Pitheciidae,Pithecia,Pithecia monachus,Pitheciidae,Pithecia,Pithecia monachus,Pithecia_monachus,Pithecia_monachus,ET,39985,0,30,0,0,0,0,30,10,0,30,30,30,70,Arboreal,1537.517,Omnivore,OmnHerbFrugSeed
504,M_427,Primates,Pitheciidae,Pithecia,Pithecia pithecia,Pitheciidae,Pithecia,Pithecia pithecia,Pithecia_pithecia,Pithecia_pithecia,ET,43942,0,30,0,0,0,0,30,10,0,30,30,30,70,Arboreal,1375.498,Omnivore,OmnHerbFrugSeed
505,M_428,Primates,Hominidae,Pongo,Pongo abelii,Hominidae,Pongo,Pongo abelii,Pongo_abelii,Pongo_abelii,ET,121097935,10,0,0,0,10,0,80,0,0,0,10,20,80,Arboreal,39696.12,Herbivore,OmnHerbFrugSeed
506,M_429,Primates,Hominidae,Pongo,Pongo pygmaeus,Hominidae,Pongo,Pongo pygmaeus,Pongo_pygmaeus,Pongo_pygmaeus,ET,17975,10,0,0,0,10,0,80,0,0,0,10,20,80,Arboreal,37000,Herbivore,OmnHerbFrugSeed
509,M_431,Primates,Cercopithecidae,Presbytis,Presbytis comata,Cercopithecidae,Presbytis,Presbytis comata,Presbytis_comata,Presbytis_comata,ET,18125,0,0,0,0,0,0,40,0,40,20,0,0,100,Arboreal,6250,Herbivore,OmnHerbFrugSeed
510,M_432,Primates,Cercopithecidae,Presbytis,Presbytis femoralis,Cercopithecidae,Presbytis,Presbytis femoralis,Presbytis_femoralis,Presbytis_femoralis,ET,39801,0,0,0,0,0,0,40,0,40,20,0,0,100,Arboreal,7000,Herbivore,OmnHerbFrugSeed
511,M_433,Primates,Cercopithecidae,Presbytis,Presbytis frontata,Cercopithecidae,Presbytis,Presbytis frontata,Presbytis_frontata,Presbytis_frontata,ET,18127,0,0,0,0,0,0,40,0,40,20,0,0,100,Arboreal,6050,Herbivore,OmnHerbFrugSeed
512,M_434,Primates,Cercopithecidae,Presbytis,Presbytis hosei,Cercopithecidae,Presbytis,Presbytis hosei,Presbytis_hosei,Presbytis_hosei,ET,18128,0,0,0,0,0,0,40,0,40,20,0,0,100,Arboreal,6500,Herbivore,OmnHerbFrugSeed
513,M_435,Primates,Cercopithecidae,Presbytis,Presbytis natunae,Cercopithecidae,Presbytis,Presbytis natunae,Presbytis_natunae,Presbytis_natunae,ET,136500,0,0,0,0,0,0,40,0,40,20,0,0,100,Arboreal,6374.152,Herbivore,OmnHerbFrugSeed
514,M_436,Primates,Cercopithecidae,Presbytis,Presbytis potenziani,Cercopithecidae,Presbytis,Presbytis potenziani,Presbytis_potenziani,Presbytis_potenziani,ET,39815,0,0,0,0,0,0,40,0,40,20,0,0,100,Arboreal,6450,Herbivore,OmnHerbFrugSeed
515,M_437,Primates,Cercopithecidae,Presbytis,Presbytis rubicunda,Cercopithecidae,Presbytis,Presbytis rubicunda,Presbytis_rubicunda,Presbytis_rubicunda,ET,18131,0,0,0,0,0,0,40,0,40,20,0,0,100,Arboreal,6300,Herbivore,OmnHerbFrugSeed
516,M_438,Primates,Cercopithecidae,Presbytis,Presbytis siamensis,Cercopithecidae,Presbytis,Presbytis siamensis,Presbytis_siamensis,Presbytis_siamensis,ET,18134,0,0,0,0,0,0,50,0,30,20,0,0,100,Arboreal,5895.06,Herbivore,OmnHerbFrugSeed
517,M_439,Primates,Cercopithecidae,Presbytis,Presbytis thomasi,Cercopithecidae,Presbytis,Presbytis thomasi,Presbytis_thomasi,Presbytis_thomasi,ET,18132,0,0,0,0,0,0,40,0,40,20,0,0,100,Arboreal,6690,Herbivore,OmnHerbFrugSeed
523,M_443,Primates,Cercopithecidae,Procolobus,Procolobus verus,Cercopithecidae,Procolobus,Procolobus verus,Procolobus_verus,Procolobus_verus,ET,18245,0,0,0,0,0,0,10,0,10,80,0,0,100,Arboreal,4000,Herbivore,Herbivore
529,M_653,Primates,Lemuridae,Prolemur,Prolemur simus,Lemuridae,Prolemur,Prolemur simus,Prolemur_simus,Prolemur_simus,ET,9674,0,0,0,0,0,0,10,0,0,90,0,0,100,Arboreal,2030.41,Herbivore,Herbivore
530,M_448,Primates,Indriidae,Propithecus,Propithecus coquereli,Indriidae,Propithecus,Propithecus coquereli,Propithecus_coquereli,Propithecus_coquereli,ET,18355,0,0,0,0,0,0,30,0,0,70,0,0,100,Arboreal,4189.27,Herbivore,OmnHerbFrugSeed
531,M_449,Primates,Indriidae,Propithecus,Propithecus deckenii,Indriidae,Propithecus,Propithecus deckenii,Propithecus_deckenii,Propithecus_deckenii,ET,18357,0,0,0,0,0,0,30,0,0,70,0,0,100,Arboreal,4000,Herbivore,OmnHerbFrugSeed
532,M_450,Primates,Indriidae,Propithecus,Propithecus diadema,Indriidae,Propithecus,Propithecus diadema,Propithecus_diadema,Propithecus_diadema,ET,18358,0,0,0,0,0,0,30,0,0,70,0,0,100,Arboreal,7500,Herbivore,OmnHerbFrugSeed
533,M_451,Primates,Indriidae,Propithecus,Propithecus edwardsi,Indriidae,Propithecus,Propithecus edwardsi,Propithecus_edwardsi,Propithecus_edwardsi,ET,18359,0,0,0,0,0,0,40,0,10,50,0,0,100,Arboreal,6573.27,Herbivore,OmnHerbFrugSeed
534,M_452,Primates,Indriidae,Propithecus,Propithecus tattersalli,Indriidae,Propithecus,Propithecus tattersalli,Propithecus_tattersalli,Propithecus_tattersalli,ET,18352,0,0,0,0,0,0,30,0,0,70,0,0,100,Arboreal,3500,Herbivore,OmnHerbFrugSeed
535,M_453,Primates,Indriidae,Propithecus,Propithecus verreauxi,Indriidae,Propithecus,Propithecus verreauxi,Propithecus_verreauxi,Propithecus_verreauxi,ET,18354,0,0,0,0,0,0,30,0,0,70,0,0,100,Arboreal,3480,Herbivore,OmnHerbFrugSeed
543,M_619,Primates,Cercopithecidae,Pygathrix,Pygathrix nemaeus,Cercopithecidae,Pygathrix,Pygathrix nemaeus,Pygathrix_nemaeus,Pygathrix_nemaeus,ET,39826,0,0,0,0,0,0,20,0,0,80,0,0,100,Arboreal,8310,Herbivore,Herbivore
562,M_473,Primates,Cercopithecidae,Rhinopithecus,Rhinopithecus bieti,Cercopithecidae,Rhinopithecus,Rhinopithecus bieti,Rhinopithecus_bieti,Rhinopithecus_bieti,ET,19597,0,0,0,0,0,0,0,0,0,100,0,0,100,Arboreal,11000.54,Herbivore,Herbivore
570,M_481,Primates,Callitrichidae,Saguinus,Saguinus fuscicollis,Callitrichidae,Leontocebus,Leontocebus fuscicollis,Saguinus_fuscicollis,Leontocebus_fuscicollis,ET,160885500,40,0,0,0,0,0,30,30,0,0,0,40,60,Arboreal,386.9991,Omnivore,OmnHerbFrugSeed
571,M_482,Primates,Callitrichidae,Saguinus,Saguinus geoffroyi,Callitrichidae,Saguinus,Saguinus geoffroyi,Saguinus_geoffroyi,Saguinus_geoffroyi,ET,41522,40,0,0,0,0,0,30,30,0,0,0,40,60,Arboreal,486.4968,Omnivore,OmnHerbFrugSeed
572,M_483,Primates,Callitrichidae,Saguinus,Saguinus imperator,Callitrichidae,Saguinus,Saguinus imperator,Saguinus_imperator,Saguinus_imperator,ET,39948,40,0,0,0,0,0,30,30,0,0,0,40,60,Arboreal,400,Omnivore,OmnHerbFrugSeed
573,M_484,Primates,Callitrichidae,Saguinus,Saguinus labiatus,Callitrichidae,Saguinus,Saguinus labiatus,Saguinus_labiatus,Saguinus_labiatus,ET,41524,40,0,0,0,0,0,30,30,0,0,0,40,60,Arboreal,575.0029,Omnivore,OmnHerbFrugSeed
574,M_485,Primates,Callitrichidae,Saguinus,Saguinus leucopus,Callitrichidae,Saguinus,Saguinus leucopus,Saguinus_leucopus,Saguinus_leucopus,ET,19819,40,0,0,0,0,0,30,30,0,0,0,40,60,Arboreal,439.9973,Omnivore,OmnHerbFrugSeed
575,M_486,Primates,Callitrichidae,Saguinus,Saguinus melanoleucus,Callitrichidae,Leontocebus,Leontocebus weddelli,Saguinus_melanoleucus,Leontocebus_weddelli,ET,135429,40,0,0,0,0,0,30,30,0,0,0,40,60,Arboreal,462.1291,Omnivore,OmnHerbFrugSeed
576,M_487,Primates,Callitrichidae,Saguinus,Saguinus midas,Callitrichidae,Saguinus,Saguinus midas,Saguinus_midas,Saguinus_midas,ET,41525,40,0,0,0,0,0,30,30,0,0,0,40,60,Arboreal,539.9953,Omnivore,OmnHerbFrugSeed
577,M_488,Primates,Callitrichidae,Saguinus,Saguinus mystax,Callitrichidae,Saguinus,Saguinus mystax,Saguinus_mystax,Saguinus_mystax,ET,41526,40,0,0,0,0,0,30,30,0,0,0,40,60,Arboreal,618.0022,Omnivore,OmnHerbFrugSeed
578,M_489,Primates,Callitrichidae,Saguinus,Saguinus niger,Callitrichidae,Saguinus,Saguinus niger,Saguinus_niger,Saguinus_niger,ET,160901052,10,0,0,0,20,0,30,20,0,20,20,30,70,Arboreal,462.1291,Omnivore,OmnHerbFrugSeed
579,M_490,Primates,Callitrichidae,Saguinus,Saguinus nigricollis,Callitrichidae,Leontocebus,Leontocebus nigricollis,Saguinus_nigricollis,Leontocebus_nigricollis,ET,39945,40,0,0,0,0,0,30,30,0,0,0,40,60,Arboreal,461.9979,Omnivore,OmnHerbFrugSeed
580,M_491,Primates,Callitrichidae,Saguinus,Saguinus oedipus,Callitrichidae,Saguinus,Saguinus oedipus,Saguinus_oedipus,Saguinus_oedipus,ET,19823,40,0,0,0,0,0,30,30,0,0,0,40,60,Arboreal,430.0015,Omnivore,OmnHerbFrugSeed
581,M_492,Primates,Callitrichidae,Saguinus,Saguinus pileatus,Callitrichidae,Saguinus,Saguinus mystax,Saguinus_pileatus,Saguinus_mystax,ET,NA,40,0,0,0,0,0,30,30,0,0,0,40,60,Arboreal,462.1291,Omnivore,OmnHerbFrugSeed
582,M_493,Primates,Cebidae,Saimiri,Saimiri boliviensis,Cebidae,Saimiri,Saimiri boliviensis,Saimiri_boliviensis,Saimiri_boliviensis,ET,41536,20,0,0,0,20,0,20,0,20,20,20,40,60,Arboreal,615.0069,Omnivore,OmnHerbFrugSeed
583,M_494,Primates,Cebidae,Saimiri,Saimiri oerstedii,Cebidae,Saimiri,Saimiri oerstedii,Saimiri_oerstedii,Saimiri_oerstedii,ET,19836,20,0,0,0,20,0,20,0,20,20,20,40,60,Arboreal,278.5,Omnivore,OmnHerbFrugSeed
584,M_495,Primates,Cebidae,Saimiri,Saimiri sciureus,Cebidae,Saimiri,Saimiri sciureus,Saimiri_sciureus,Saimiri_sciureus,ET,43968,20,0,0,0,20,0,20,0,20,20,20,40,60,Arboreal,743.2416,Omnivore,OmnHerbFrugSeed
591,M_500,Primates,Cercopithecidae,Semnopithecus,Semnopithecus ajax,Cercopithecidae,Semnopithecus,Semnopithecus ajax,Semnopithecus_ajax,Semnopithecus_ajax,ET,39833,0,0,0,0,0,0,20,0,10,70,0,0,100,Semiarboreal,10752,Herbivore,OmnHerbFrugSeed
592,M_501,Primates,Cercopithecidae,Semnopithecus,Semnopithecus dussumieri,Cercopithecidae,Semnopithecus,Semnopithecus hypoleucos,Semnopithecus_dussumieri,Semnopithecus_dussumieri,ET,39835,0,0,0,0,0,0,10,0,10,80,0,0,100,Semiarboreal,10752,Herbivore,Herbivore
593,M_502,Primates,Cercopithecidae,Semnopithecus,Semnopithecus entellus,Cercopithecidae,Semnopithecus,Semnopithecus entellus,Semnopithecus_entellus,Semnopithecus_entellus,ET,39832,0,0,0,0,0,0,10,0,0,90,0,0,100,Semiarboreal,11529.83,Herbivore,Herbivore
594,M_503,Primates,Cercopithecidae,Semnopithecus,Semnopithecus hector,Cercopithecidae,Semnopithecus,Semnopithecus hector,Semnopithecus_hector,Semnopithecus_hector,ET,39837,0,0,0,0,0,0,20,0,10,70,0,0,100,Semiarboreal,10752,Herbivore,OmnHerbFrugSeed
595,M_504,Primates,Cercopithecidae,Semnopithecus,Semnopithecus schistaceus,Cercopithecidae,Semnopithecus,Semnopithecus schistaceus,Semnopithecus_schistaceus,Semnopithecus_schistaceus,ET,39840,0,0,0,0,0,0,10,0,10,80,0,0,100,Semiarboreal,10752,Herbivore,Herbivore
598,M_507,Primates,Cercopithecidae,Simias,Simias concolor,Cercopithecidae,Simias,Simias concolor,Simias_concolor,Simias_concolor,ET,20229,0,0,0,0,0,0,10,0,10,80,0,0,100,Arboreal,7393.9,Herbivore,Herbivore
618,M_520,Primates,Hylobatidae,Symphalangus,Symphalangus syndactylus,Hylobatidae,Symphalangus,Symphalangus syndactylus,Symphalangus_syndactylus,Symphalangus_syndactylus,ET,39779,10,0,0,0,0,0,80,0,0,10,0,10,90,Arboreal,10839,Herbivore,OmnHerbFrugSeed
635,M_536,Primates,Tarsiidae,Tarsius,Tarsius bancanus,Tarsiidae,Cephalopachus,Cephalopachus bancanus,Tarsius_bancanus,Tarsius_bancanus,ET,21488,100,0,0,0,0,0,0,0,0,0,0,100,0,Arboreal,94.25,Carnivore,Insectivore
636,M_624,Primates,Tarsiidae,Tarsius,Tarsius sangirensis,Tarsiidae,Tarsius,Tarsius sangirensis,Tarsius_sangirensis,Tarsius_sangirensis,ET,21493,100,0,0,0,0,0,0,0,0,0,0,100,0,Arboreal,165,Carnivore,Insectivore
637,M_537,Primates,Tarsiidae,Tarsius,Tarsius tarsier,Tarsiidae,Tarsius,Tarsius tarsier,Tarsius_tarsier,Tarsius_tarsier,ET,162369551,100,0,0,0,0,0,0,0,0,0,0,100,0,Arboreal,168.04,Carnivore,Insectivore
644,M_544,Primates,Cercopithecidae,Theropithecus,Theropithecus gelada,Cercopithecidae,Theropithecus,Theropithecus gelada,Theropithecus_gelada,Theropithecus_gelada,ET,21744,0,0,0,0,0,0,0,0,0,100,0,0,100,Terrestrial,17049.83,Herbivore,Herbivore
650,M_550,Primates,Cercopithecidae,Trachypithecus,Trachypithecus auratus,Cercopithecidae,Trachypithecus,Trachypithecus auratus,Trachypithecus_auratus,Trachypithecus_auratus,ET,39848,0,0,0,0,0,0,30,0,0,70,0,0,100,Arboreal,7100,Herbivore,OmnHerbFrugSeed
651,M_551,Primates,Cercopithecidae,Trachypithecus,Trachypithecus geei,Cercopithecidae,Trachypithecus,Trachypithecus geei,Trachypithecus_geei,Trachypithecus_geei,ET,22037,0,0,0,0,0,0,30,0,0,70,0,0,100,Arboreal,8350,Herbivore,OmnHerbFrugSeed
652,M_552,Primates,Cercopithecidae,Trachypithecus,Trachypithecus johnii,Cercopithecidae,Semnopithecus,Semnopithecus johnii,Trachypithecus_johnii,Trachypithecus_johnii,ET,44694,0,0,0,0,0,0,30,0,0,70,0,0,100,Arboreal,11921,Herbivore,OmnHerbFrugSeed
653,M_553,Primates,Cercopithecidae,Trachypithecus,Trachypithecus obscurus,Cercopithecidae,Trachypithecus,Trachypithecus obscurus,Trachypithecus_obscurus,Trachypithecus_obscurus,ET,22039,0,0,0,0,0,0,30,0,0,70,0,0,100,Arboreal,6420,Herbivore,OmnHerbFrugSeed
654,M_554,Primates,Cercopithecidae,Trachypithecus,Trachypithecus phayrei,Cercopithecidae,Trachypithecus,Trachypithecus phayrei,Trachypithecus_phayrei,Trachypithecus_phayrei,ET,175862145,0,0,0,0,0,0,30,0,0,70,0,0,100,Arboreal,8400,Herbivore,OmnHerbFrugSeed
655,M_555,Primates,Cercopithecidae,Trachypithecus,Trachypithecus pileatus,Cercopithecidae,Trachypithecus,Trachypithecus pileatus,Trachypithecus_pileatus,Trachypithecus_pileatus,ET,22041,0,0,0,0,0,0,30,0,0,70,0,0,100,Arboreal,11450,Herbivore,OmnHerbFrugSeed
656,M_556,Primates,Cercopithecidae,Trachypithecus,Trachypithecus poliocephalus,Cercopithecidae,Trachypithecus,Trachypithecus poliocephalus,Trachypithecus_poliocephalus,Trachypithecus_poliocephalus,ET,22045,0,0,0,0,0,0,30,0,0,70,0,0,100,Arboreal,8516.46,Herbivore,OmnHerbFrugSeed
657,M_557,Primates,Cercopithecidae,Trachypithecus,Trachypithecus vetulus,Cercopithecidae,Semnopithecus,Semnopithecus vetulus,Trachypithecus_vetulus,Trachypithecus_vetulus,ET,22042,0,0,0,0,0,0,30,0,0,70,0,0,100,Arboreal,8830,Herbivore,OmnHerbFrugSeed
671,M_567,Primates,Lemuridae,Varecia,Varecia rubra,Lemuridae,Varecia,Varecia rubra,Varecia_rubra,Varecia_rubra,ET,22920,0,0,0,0,0,0,90,0,0,10,0,0,100,Arboreal,3872.6,Herbivore,Frugivore
672,M_568,Primates,Lemuridae,Varecia,Varecia variegata,Lemuridae,Varecia,Varecia variegata,Varecia_variegata,Varecia_variegata,ET,22918,0,0,0,0,0,0,100,0,0,0,0,0,100,Arboreal,3850,Herbivore,Frugivore
685,M_688,Primates,Pitheciidae,Callicebus,Callicebus moloch,Pitheciidae,Plecturocebus,Plecturocebus moloch,Callicebus_moloch,Callicebus_moloch,ET,41556,20,0,0,0,0,0,50,0,0,30,0,20,80,Arboreal,854.7320715,Omnivore,OmnHerbFrugSeed
686,M_689,Primates,Callitrichidae,Saguinus,Saguinus tripartitus,Callitrichidae,Leontocebus,Leontocebus tripartitus,Saguinus_tripartitus,Leontocebus_tripartitus,ET,19824,40,0,0,0,0,0,30,30,0,0,0,40,60,Arboreal,393.4957083,Omnivore,OmnHerbFrugSeed
695,M_698,Primates,Callitrichidae,Callithrix,Callithrix humeralifera,Callitrichidae,Mico,Mico humeralifer,Callithrix_humeralifera,Mico_humeralifer,ET,41521,20,0,0,0,20,0,60,0,0,0,20,40,60,Arboreal,374.99,Omnivore,OmnHerbFrugSeed
696,M_699,Primates,Pitheciidae,Callicebus,Callicebus hoffmannsi,Pitheciidae,Plecturocebus,Plecturocebus hoffmannsi,Callicebus_hoffmannsi,Callicebus_hoffmannsi,ET,41559,20,0,0,0,0,0,50,0,0,30,0,20,80,Arboreal,992.4074138,Omnivore,OmnHerbFrugSeed
699,M_702,Primates,Aotidae,Aotus,Aotus trivirgatus,Aotidae,Aotus,Aotus trivirgatus,Aotus_trivirgatus,Aotus_trivirgatus,ET,41543,20,0,0,0,10,0,20,10,20,20,10,30,70,Arboreal,899.9947996,Omnivore,OmnHerbFrugSeed
703,M_706,Primates,Cebidae,Sapajus,Sapajus macrocephalus,Cebidae,Sapajus,Sapajus macrocephalus,NA,Sapajus_macrocephalus,ET,172351505,20,0,0,0,10,0,40,20,0,10,10,30,70,Arboreal,2687.213984,Omnivore,OmnHerbFrugSeed
747,M_751,Primates,Cercopithecidae,Cercocebus,Cercocebus sanjei,Cercopithecidae,Cercocebus,Cercocebus sanjei,NA,Cercocebus_sanjei,ET,4203,0,0,0,0,0,0,70,0,0,30,0,0,100,Arboreal,8000,Herbivore,Frugivore
753,M_757,Primates,Lorisidae,Nycticebus,Nycticebus javanicus,Lorisidae,Nycticebus,Nycticebus javanicus,NA,Nycticebus_javanicus,ET,39758,40,30,10,0,0,0,20,0,0,0,40,80,20,Arboreal,1137.36,Omnivore,Insectivore
754,M_758,Primates,Lorisidae,Arctocebus,Arctocebus calabarensis,Lorisidae,Arctocebus,Arctocebus calabarensis,NA,Arctocebus_calabarensis,ET,2054,70,0,0,0,0,0,30,0,0,0,0,70,30,Arboreal,210.000341,Omnivore,Insectivore
755,M_759,Primates,Galagidae,Galago,Galago matschiei,Galagidae,Galago,Galago matschiei,NA,Galago_matschiei,ET,8787,40,0,0,0,0,0,0,60,0,0,0,40,60,Arboreal,210.000341,Omnivore,OmnHerbFrugSeed
756,M_760,Primates,Lorisidae,Loris,Loris lydekkerianus,Lorisidae,Loris,Loris lydekkerianus,NA,Loris_lydekkerianus,ET,44722,100,0,0,0,0,0,0,0,0,0,0,100,0,Arboreal,254.06,Carnivore,Insectivore
757,M_761,Primates,Lorisidae,Loris,Loris tardigradus,Lorisidae,Loris,Loris tardigradus,NA,Loris_tardigradus,ET,12375,70,0,0,0,10,0,10,0,0,10,10,80,20,Arboreal,227.674625,Omnivore,Insectivore
758,M_762,Primates,Lorisidae,Nycticebus,Nycticebus bengalensis,Lorisidae,Nycticebus,Nycticebus bengalensis,NA,Nycticebus_bengalensis,ET,39758,40,30,10,0,0,0,20,0,0,0,40,80,20,Arboreal,1137.36,Omnivore,Insectivore
763,M_767,Primates,Cercopithecidae,Macaca,Macaca pagensis,Cercopithecidae,Macaca,Macaca pagensis,NA,Macaca_pagensis,ET,39794,10,0,0,0,0,0,60,0,10,20,0,10,90,Semiarboreal,4534.66,Herbivore,Frugivore
764,M_768,Primates,Cercopithecidae,Macaca,Macaca siberu,Cercopithecidae,Macaca,Macaca siberu,NA,Macaca_siberu,ET,39795,10,0,0,0,0,0,60,0,10,20,0,10,90,Semiarboreal,5786.96,Herbivore,OmnHerbFrugSeed
765,M_769,Primates,Cercopithecidae,Presbytis,Presbytis siberu,Cercopithecidae,Presbytis,Presbytis siberu,NA,NA,ET,NA,NA,NA,NA,NA,NA,NA,NA,NA,NA,NA,NA,NA,NA,Arboreal,6450,Herbivore,OmnHerbFrugSeed
773,M_777,Primates,Indriidae,Propithecus,Propithecus coronatus,Indriidae,Propithecus,Propithecus coronatus,NA,Propithecus_coronatus,ET,18356,0,0,0,0,0,0,30,0,0,70,0,0,100,Arboreal,4189.27,Herbivore,Herbivore
778,M_782,Primates,Indriidae,Propithecus,Propithecus candidus,Indriidae,Propithecus,Propithecus candidus,NA,Propithecus_candidus,ET,18360,0,0,0,0,0,0,30,0,0,70,0,0,100,Arboreal,4189.27,Herbivore,Herbivore
779,M_783,Primates,Cheirogaleidae,Cheirogaleus,Cheirogaleus ravus,Cheirogaleidae,Cheirogaleus,Cheirogaleus ravus,NA,Cheirogaleus_ravus,ET,41577,10,0,0,0,0,0,50,0,0,40,0,10,90,Arboreal,285.3944639,Herbivore,Frugivore
781,M_785,Primates,Cercopithecidae,Rhinopithecus,Rhinopithecus roxellana,Cercopithecidae,Rhinopithecus,Rhinopithecus roxellana,NA,Rhinopithecus_roxellana,ET,19596,0,0,0,0,0,0,10,0,10,80,0,0,100,Arboreal,13456.8,Herbivore,Herbivore
822,M_826,Primates,Cercopithecidae,Miopithecus,Miopithecus talapoin,Cercopithecidae,Miopithecus,Miopithecus talapoin,NA,Miopithecus_talapoin,ET,13572,50,0,0,0,0,0,50,0,0,0,0,50,50,Arboreal,1249.999963,Omnivore,
838,M_842,Primates,Lepilemuridae,Lepilemur,Lepilemur sahamalaza,Lepilemuridae,Lepilemur,Lepilemur sahamalazensis,NA,Lepilemur_sahamalazensis,from congeneric species,136645,0,0,0,0,0,0,0,0,0,100,0,0,100,Arboreal,709,Herbivore,
857,M_862,Primates,Cheirogaleidae,Phaner,Phaner furcifer,Cheirogaleidae,Phaner,Phaner furcifer,NA,Phaner_furcifer,ET,16872,0,0,0,0,0,0,0,100,0,0,0,0,100,Arboreal,400,Herbivore,
876,M_881,Primates,Indriidae,Avahi,Avahi meridionalis,Indriidae,Avahi,Avahi meridionalis,NA,Avahi_meridionalis,Congeneric average,136369,0,0,0,0,0,0,0,0,0,100,0,0,100,Arboreal,848.53,Herbivore,
877,M_882,Primates,Cheirogaleidae,Cheirogaleus,Cheirogaleus thomasi,Cheirogaleidae,Cheirogaleus,Cheirogaleus thomasi,NA,NA,Congeneric average,163022885,10,0,0,0,0,0,50,0,0,40,0,10,90,Arboreal,285.39,Herbivore,
878,M_883,Primates,Cheirogaleidae,Microcebus,Microcebus tanosi,Cheirogaleidae,Microcebus,Microcebus tanosi,NA,Microcebus_tanosi,Congeneric average,163024481,20,0,20,0,0,0,30,10,0,20,20,40,60,Arboreal,49.06,Omnivore,
885,M_890,Primates,Hylobatidae,Hoolock,Hoolock tianxing,Hylobatidae,Hoolock,Hoolock tianxing,NA,NA,ET,118355648,NA,NA,NA,NA,NA,NA,NA,NA,NA,NA,NA,NA,NA,Arboreal,NA,Herbivore,
892,M_897,Primates,Hylobatidae,Hylobates,Hylobates albibarbis,Hylobatidae,Hylobates,Hylobates albibarbis,NA,Hylobates_albibarbis,ET,39879,0,0,0,0,0,0,70,0,0,30,0,0,100,Arboreal,5692.08,Herbivore,
964,M_970,Primates,Cercopithecidae,Macaca,Macaca maura,Cercopithecidae,Macaca,Macaca maura,NA,Macaca_maura,ET,12553,10,0,0,0,0,0,30,0,20,40,0,10,90,Terrestrial,7300,Herbivore,
965,M_971,Primates,Lepilemuridae,Lepilemur,Lepilemur fleuretae,Lepilemuridae,Lepilemur,Lepilemur fleuretae,NA,Lepilemur_fleuretae,ET,136263,NA,NA,NA,NA,NA,NA,NA,NA,NA,NA,NA,NA,NA,Terrestrial,NA,Herbivore,
966,M_972,Primates,Lemuridae,Hapalemur,Hapalemur meridionalis,Lemuridae,Hapalemur,Hapalemur meridionalis,NA,Hapalemur_meridionalis,ET,136384,NA,NA,NA,NA,NA,NA,NA,NA,NA,NA,NA,NA,NA,Terrestrial,NA,Herbivore,
987,M_993,Primates,Pitheciidae,Callicebus,Callicebus coimbrai,Pitheciidae,Callicebus,Callicebus coimbrai,NA,Callicebus_coimbrai,ET,39954,20,0,0,0,0,0,50,0,0,30,0,20,80,Terrestrial,1011.32,Omnivore,
999,M_1006,Primates,Cebidae,Cebus,Cebus yuracus,Cebidae,Cebus,Cebus yuracus,NA,NA,From C. capuchinus,NA,20,0,0,0,10,0,20,10,20,20,10,30,70,Semiarboreal,2733.317,Omnivore,
1000,M_1007,Primates,Pitheciidae,Pithecia,Pithecia napensis,Pitheciidae,Pithecia,Pithecia napensis,NA,Pithecia_napensis,ET,NA,0,30,0,0,0,0,30,10,0,30,30,30,70,Arboreal,1929.9,Omnivore,
1020,M_1027,Primates,Cheirogaleidae,Microcebus,Microcebus sambiranensis,Primates,Microcebus,Microcebus sambiranensis,NA,NA,Congeneric average,41572,20,0,20,0,0,0,30,10,0,20,40,40,60,Arboreal,49.06,Omnivore,
1051,M_1060,Primates,Cheirogaleidae,Mirza,Mirza zaza,Cheirogaleidae,Mirza,Mirza zaza,NA,Mirza_zaza,From M. coquereli,136684,60,0,0,0,10,0,10,0,10,10,10,70,30,Arboreal,308,Omnivore,
1055,M_1064,Primates,Cheirogaleidae,Microcebus,Microcebus simmonsi,Cheirogaleidae,Microcebus,Microcebus simmonsi,NA,Microcebus_simmonsi,Congeneric average,163314538,20,0,20,0,0,0,30,10,0,20,20,40,60,Arboreal,49.06,Omnivore,
1058,M_1067,Primates,Cebidae,Saimiri,Saimiri ustus,Cebidae,Saimiri,Saimiri ustus,NA,Saimiri_ustus,ET,41538,20,0,0,0,20,0,20,0,20,20,20,40,60,Arboreal,1000,Omnivore,
1074,M_1084,Primates,Cercopithecidae,Trachypithecus,Trachypithecus francoisi,Cercopithecidae,Trachypithecus,Trachypithecus francoisi,NA,Trachypithecus_francoisi,ET,39853,0,0,0,0,0,0,30,0,0,70,0,0,100,Arboreal,7325,Herbivore,